term,coef
1,5.39687594782391
d,0.13520960006970417
h,11.659483014169187
a,1.3672816923536766
n,-0.1342579146533467
